{
  "shop": [
    {
      "id": 1,
      "name": "apple",
      "date": "2020-07-21"
    },
    {
      "id": 2,
      "name": "huwei",
      "date": "2020-07-21"
    },
    {
      "id": 3,
      "name": "sanxing",
      "date": "2020-07-21"
    },
    {
      "id": 4,
      "name": "oppo",
      "date": "2020-07-21"
    },
    {
      "id": 5,
      "name": "yxh",
      "date": "2020-07-22"
    }
  ],
  "comments": [
    {
      "id": 1,
      "body": "some comment1",
      "postId": 1
    },
    {
      "id": 2,
      "body": "some comment2",
      "postId": 2
    },
    {
      "id": 3,
      "body": "some comment3",
      "postId": 3
    },
    {
      "id": 4,
      "body": "some comment4",
      "postId": 4
    }
  ],
  "profile": {
    "name": "typicode"
  }
}