[
{
    "done": false,
    "url": "http://node-vue-repository.oss-cn-beijing.aliyuncs.com/2d9e9b38e78ef2d6044853f26050016e.jpg",
    "content": "恋之微风 -- 小乔"
},

{
    "done": false,
    "url": "http://node-vue-repository.oss-cn-beijing.aliyuncs.com/2215bab549f9ae30e8cdc61f9d37b82b.jpg",
    "content": "机关造物 -- 鲁班"
},

{
    "done": false,
    "url": "http://node-vue-repository.oss-cn-beijing.aliyuncs.com/cc2e0e8d69432d016f138d908d31f305.jpg",
    "content": "千金重弩 -- 孙尚香"
},

{
    "done": false,
    "url": "http://node-vue-repository.oss-cn-beijing.aliyuncs.com/a14f223822e88052fbb8e0498742501e.jpg",
    "content": "女帝 -- 武则天"
}

]