{
  "users": [
    {
      "id": 1,
      "name": "张三1",
      "age": 18,
      "gender": "男"
    },
    {
      "id": 2,
      "name": "张三2",
      "age": 18,
      "gender": "男"
    },
    {
      "id": 3,
      "name": "张三3",
      "age": 18,
      "gender": "男"
    },
    {
      "id": 4,
      "name": "张三4",
      "age": 18,
      "gender": "男"
    }
  ],
  "heroes": [
    {
      "name": "铁蛋儿111",
      "gender": "男",
      "id": 1
    },
    {
      "name": "不一样的男人",
      "gender": "男",
      "id": 2
    }
  ]
}