{
  "id": "",
  "name": "",
  "font_family": "iconfont",
  "css_prefix_text": "icon-",
  "description": "",
  "glyphs": [
    {
      "icon_id": "8776879",
      "name": "play",
      "font_class": "icon-test",
      "unicode": "e640",
      "unicode_decimal": 58944
    },
    {
      "icon_id": "8777390",
      "name": "check_filled",
      "font_class": "icon-test1",
      "unicode": "e652",
      "unicode_decimal": 58962
    },
    {
      "icon_id": "8777414",
      "name": "info",
      "font_class": "icon-test2",
      "unicode": "e654",
      "unicode_decimal": 58964
    },
    {
      "icon_id": "8777429",
      "name": "caution",
      "font_class": "icon-test3",
      "unicode": "e655",
      "unicode_decimal": 58965
    },
    {
      "icon_id": "8777494",
      "name": "star",
      "font_class": "icon-test4",
      "unicode": "e657",
      "unicode_decimal": 58967
    },
    {
      "icon_id": "8777532",
      "name": "page_first",
      "font_class": "icon-test5",
      "unicode": "e659",
      "unicode_decimal": 58969
    }
  ]
}
